stock,variable,year,mean,sd,lower,upper,status
Decapterus spp,b_div_bmsy,2021,1.4099855184283,0.309730171336505,0.8786794822182,2.31340805273346,Underfished
