stock,variable,year,mean,sd,lower,upper,status
Decapterus spp,b_div_bmsy,2021,1.44731673076641,0.294993076906852,0.910725823160157,2.32919044528284,Underfished
