stock,variable,year,mean,sd,lower,upper,status
Decapterus spp,b_div_bmsy,2021,1.41101516628152,0.310245681229531,0.849368760613365,2.3006115654402,Underfished
